<?xml version="1.0" encoding="UTF-8"?>
<beans xmlns="http://www.springframework.org/schema/beans"
	xmlns:xsi="http://www.w3.org/2001/XMLSchema-instance" xmlns:context="http://www.springframework.org/schema/context"
	xmlns:jee="http://www.springframework.org/schema/jee" xmlns:lang="http://www.springframework.org/schema/lang"
	xmlns:tx="http://www.springframework.org/schema/tx" xmlns:util="http://www.springframework.org/schema/util"
	xmlns:p="http://www.springframework.org/schema/p" xmlns:jdbc="http://www.springframework.org/schema/jdbc"
	xsi:schemaLocation="http://www.springframework.org/schema/beans http://www.springframework.org/schema/beans/spring-beans-3.0.xsd
          http://www.springframework.org/schema/context http://www.springframework.org/schema/context/spring-context-3.0.xsd
          http://www.springframework.org/schema/jee http://www.springframework.org/schema/jee/spring-jee-3.0.xsd
          http://www.springframework.org/schema/lang http://www.springframework.org/schema/lang/spring-lang-3.0.xsd
          http://www.springframework.org/schema/tx http://www.springframework.org/schema/tx/spring-tx-3.0.xsd
          http://www.springframework.org/schema/util http://www.springframework.org/schema/util/spring-util-3.0.xsd
          http://www.springframework.org/schema/jdbc http://www.springframework.org/schema/jdbc/spring-jdbc-3.0.xsd">

	<context:annotation-config />
	<tx:annotation-driven />


	<bean id="entityManagerFactory"
		class="org.springframework.orm.jpa.LocalContainerEntityManagerFactoryBean">
		<property name="persistenceUnitName" value="TestPU" />
		<property name="dataSource" ref="dataSource" />
	</bean>

	<bean id="dataSource"
		class="org.springframework.jdbc.datasource.DriverManagerDataSource">
		<property name="driverClassName" value="org.apache.derby.jdbc.ClientDriver" />
		<property name="url"
			value="jdbc:derby://localhost:1527/memory:sample;create=true" />
		<property name="username" value="pa165" />
		<property name="password" value="pa165" />
	</bean>

	<bean id="transactionManager" class="org.springframework.orm.jpa.JpaTransactionManager">
		<property name="entityManagerFactory" ref="entityManagerFactory" />
	</bean>

	<bean name="MachineDAO" class="cz.muni.fi.pa165.pujcovnastroju.dao.MachineDAOImpl"></bean>
	<bean name="machineService"
		class="cz.muni.fi.pa165.pujcovnastroju.serviceimpl.MachineServiceImpl"></bean>
	<bean name="SystemUserDAO" class="cz.muni.fi.pa165.pujcovnastroju.dao.SystemUserDAOImpl"></bean>
	<bean name="SystemUserService"
		class="cz.muni.fi.pa165.pujcovnastroju.serviceimpl.SystemUserServiceImpl"></bean>
	<bean name="LoanDAO" class="cz.muni.fi.pa165.pujcovnastroju.dao.LoanDAOImpl"></bean>
	<bean name="loanService"
		class="cz.muni.fi.pa165.pujcovnastroju.serviceimpl.LoanServiceImpl"></bean>
	<bean name="RevisionDAO" class="cz.muni.fi.pa165.pujcovnastroju.dao.RevisionDAOImpl"></bean>
	<bean name="revisionService"
		class="cz.muni.fi.pa165.pujcovnastroju.serviceimpl.RevisionServiceImpl"></bean>

</beans>
