<?xml version="1.0" encoding="UTF-8"?>
<beans:beans xmlns="http://www.springframework.org/schema/security"
             xmlns:beans="http://www.springframework.org/schema/beans"
             xmlns:xsi="http://www.w3.org/2001/XMLSchema-instance"
             xsi:schemaLocation="http://www.springframework.org/schema/beans
                http://www.springframework.org/schema/beans/spring-beans-3.0.xsd
                http://www.springframework.org/schema/security
                http://www.springframework.org/schema/security/spring-security-3.1.xsd">

    <http auto-config="true">
        <intercept-url pattern="/admin/**" access="ROLE_ADMIN, ROLE_RECEPTIONIST" />
        <form-login login-page="/auth-admin/login"
                    default-target-url="/admin"
                    authentication-failure-url="/auth-admin/login/error" />
        <logout logout-success-url="/auth-admin/login" />
    </http>

    <authentication-manager>
        <authentication-provider user-service-ref="userDetailsService">
            <password-encoder hash="sha" />
        </authentication-provider>
    </authentication-manager>
</beans:beans>