<?xml version="1.0" encoding="UTF-8"?>
<beans xmlns="http://www.springframework.org/schema/beans"
	xmlns:context="http://www.springframework.org/schema/context"
	xmlns:xsi="http://www.w3.org/2001/XMLSchema-instance" xmlns:mvc="http://www.springframework.org/schema/mvc"
	xmlns:tx="http://www.springframework.org/schema/tx"
	xsi:schemaLocation="
   http://www.springframework.org/schema/beans     
   http://www.springframework.org/schema/beans/spring-beans-3.0.xsd
   http://www.springframework.org/schema/context 
   http://www.springframework.org/schema/context/spring-context-3.0.xsd
   http://www.springframework.org/schema/mvc
   http://www.springframework.org/schema/mvc/spring-mvc-3.2.xsd">

	<context:component-scan
		base-package="cz.muni.fi.pa165.pujcovnaStroju.web.controller,cz.muni.fi.pa165.pujcovnaStroju.rest.controller" />


	<bean id="localeResolver"
		class="org.springframework.web.servlet.i18n.SessionLocaleResolver">
	</bean>

	<bean id="localeChangeInterceptor"
		class="org.springframework.web.servlet.i18n.LocaleChangeInterceptor">
		<property name="paramName" value="language" />
	</bean>

	<bean
		class="org.springframework.web.servlet.mvc.support.ControllerClassNameHandlerMapping">
		<property name="interceptors">
			<list>
				<ref bean="localeChangeInterceptor" />
			</list>
		</property>
	</bean>

	<mvc:resources mapping="/css/**" location="/WEB-INF/css/*" />
	<mvc:resources mapping="/scripts/**" location="/WEB-INF/scripts/*" />
	<mvc:resources mapping="/images/**" location="/WEB-INF/images/*" />
	<mvc:resources mapping="/images/**" location="/WEB-INF/schema/schema.xsd" />
	<mvc:annotation-driven conversion-service="conversionService"></mvc:annotation-driven>
	<bean id="conversionService"
		class="org.springframework.context.support.ConversionServiceFactoryBean">
		<property name="converters">
			<list>
				<bean
					class="cz.muni.fi.pa165.pujcovnaStroju.web.converter.StringToMachineTypeEnumDTOConverter" />
				<bean
					class="cz.muni.fi.pa165.pujcovnaStroju.web.converter.StringToSystemUserTypeEnumDTOConverter" />
				<bean
					class="cz.muni.fi.pa165.pujcovnaStroju.web.converter.StringToLoanStateEnumDTOConverter" />
				<bean
					class="cz.muni.fi.pa165.pujcovnaStroju.web.converter.StringToSystemUserDTOConverter" />
				<bean
					class="cz.muni.fi.pa165.pujcovnaStroju.web.converter.StringToDateConverter" />
				<bean
					class="cz.muni.fi.pa165.pujcovnaStroju.web.converter.StringToMachineDTOConverter" />
			</list>
		</property>
	</bean>


	<bean id="messageSource"
		class="org.springframework.context.support.ResourceBundleMessageSource">
		<property name="basename" value="lang" />
	</bean>

	<bean
		class="org.springframework.web.servlet.view.InternalResourceViewResolver">
		<property name="prefix" value="/WEB-INF/pages/" />
		<property name="suffix" value=".jsp" />
	</bean>


</beans>