<?xml version="1.0" encoding="UTF-8"?>
<beans   xmlns="http://www.springframework.org/schema/beans"
         xmlns:xsi="http://www.w3.org/2001/XMLSchema-instance"
         xmlns:security="http://www.springframework.org/schema/security"
         xmlns:util="http://www.springframework.org/schema/util"
         xsi:schemaLocation="http://www.springframework.org/schema/beans
            http://www.springframework.org/schema/beans/spring-beans-3.1.xsd
            http://www.springframework.org/schema/security
            http://www.springframework.org/schema/security/spring-security-3.1.xsd
            http://www.springframework.org/schema/util
            http://www.springframework.org/schema/util/spring-util-3.1.xsd">
    
    <security:http create-session="never" auto-config="true" >
        <security:intercept-url pattern="/server/**" access="ROLE_USER" />
        <security:http-basic />
    </security:http>
   
    <security:authentication-manager>
        <security:authentication-provider>
            <security:user-service>
                <security:user name="rest" password="rest" authorities="ROLE_USER,ROLE_ADMIN" />
            </security:user-service>
        </security:authentication-provider>
    </security:authentication-manager>
</beans>
