--CREATE SEQUENCE seq_default AS BIGINT START WITH 1000;
--DROP SEQUENCE seq_genre RESTRICT;

-- genres
INSERT INTO PA165.GENRE (ID, NAME) VALUES (1001, 'Indie');
INSERT INTO PA165.GENRE (ID, NAME) VALUES (1002, 'Pop');
INSERT INTO PA165.GENRE (ID, NAME) VALUES (1003, 'Rock');
INSERT INTO PA165.GENRE (ID, NAME) VALUES (1004, 'Rap');
INSERT INTO PA165.GENRE (ID, NAME) VALUES (1005, 'Electro');
INSERT INTO PA165.GENRE (ID, NAME) VALUES (1006, 'Swing');
INSERT INTO PA165.GENRE (ID, NAME) VALUES (1007, 'Metal');

-- albums
INSERT INTO PA165.ALBUM (ID, COMMENT, COVER, RELEASEDATE, TITLE) VALUES (2001, NULL, 'a01.jpg', '2013-04-16 23:00:00.0', 'Free The Universe');
INSERT INTO PA165.ALBUM (ID, COMMENT, COVER, RELEASEDATE, TITLE) VALUES (2002, NULL, 'a02.jpg', '2013-05-21 22:00:00.0', 'Random Access Memories');
INSERT INTO PA165.ALBUM (ID, COMMENT, COVER, RELEASEDATE, TITLE) VALUES (2003, NULL, 'a03.jpg', '2012-01-31 22:00:00.0', 'Born To Die');
INSERT INTO PA165.ALBUM (ID, COMMENT, COVER, RELEASEDATE, TITLE) VALUES (2004, NULL, 'a04.jpg', '2013-09-30 22:00:00.0', 'Pure Heroine');
INSERT INTO PA165.ALBUM (ID, COMMENT, COVER, RELEASEDATE, TITLE) VALUES (2005, NULL, 'a05.jpg', '2013-11-05 22:00:00.0', 'The Marshall Mathers');
INSERT INTO PA165.ALBUM (ID, COMMENT, COVER, RELEASEDATE, TITLE) VALUES (2006, NULL, 'a06.jpg', '2010-12-02 22:00:00.0', 'The Evolution of Chaos');
INSERT INTO PA165.ALBUM (ID, COMMENT, COVER, RELEASEDATE, TITLE) VALUES (2007, NULL, 'a07.jpg', '2012-04-20 22:00:00.0', 'The Princess Part One');
INSERT INTO PA165.ALBUM (ID, COMMENT, COVER, RELEASEDATE, TITLE) VALUES (2008, NULL, 'a08.jpg', '2012-04-20 22:00:00.0', 'The Princess Part Two');

-- artists
INSERT INTO PA165.ARTIST (ID, "NAME") VALUES (3001, 'Major Lazer');
INSERT INTO PA165.ARTIST (ID, "NAME") VALUES (3002, 'Daft Punk');
INSERT INTO PA165.ARTIST (ID, "NAME") VALUES (3003, 'Lana Del Rey');
INSERT INTO PA165.ARTIST (ID, "NAME") VALUES (3004, 'Lorde');
INSERT INTO PA165.ARTIST (ID, "NAME") VALUES (3005, 'Eminem');
INSERT INTO PA165.ARTIST (ID, "NAME") VALUES (3006, 'Heathen');
INSERT INTO PA165.ARTIST (ID, "NAME") VALUES (3007, 'Parov Stelar');

-- songs
INSERT INTO PA165.SONG (ID, BITRATE, COMMENT, TITLE, TRACK_NUMBER, ALBUM_ID, ARTIST_ID, GENRE_ID) VALUES (4001, 320, NULL, 'You are No Good', 1, 2001, 3001, 1005);
INSERT INTO PA165.SONG (ID, BITRATE, COMMENT, TITLE, TRACK_NUMBER, ALBUM_ID, ARTIST_ID, GENRE_ID) VALUES (4002, 320, NULL, 'Jet Blue Jet', 2, 2001, 3001, 1005);
INSERT INTO PA165.SONG (ID, BITRATE, COMMENT, TITLE, TRACK_NUMBER, ALBUM_ID, ARTIST_ID, GENRE_ID) VALUES (4003, 320, NULL, 'Get Free', 3, 2001, 3001, 1005);
INSERT INTO PA165.SONG (ID, BITRATE, COMMENT, TITLE, TRACK_NUMBER, ALBUM_ID, ARTIST_ID, GENRE_ID) VALUES (4004, 320, NULL, 'Jah No Partial', 4, 2001, 3001, 1005);
INSERT INTO PA165.SONG (ID, BITRATE, COMMENT, TITLE, TRACK_NUMBER, ALBUM_ID, ARTIST_ID, GENRE_ID) VALUES (4005, 320, NULL, 'Wind Up', 5, 2001, 3001, 1005);
INSERT INTO PA165.SONG (ID, BITRATE, COMMENT, TITLE, TRACK_NUMBER, ALBUM_ID, ARTIST_ID, GENRE_ID) VALUES (4006, 320, NULL, 'Scare Me', 6, 2001, 3001, 1005);
INSERT INTO PA165.SONG (ID, BITRATE, COMMENT, TITLE, TRACK_NUMBER, ALBUM_ID, ARTIST_ID, GENRE_ID) VALUES (4007, 320, NULL, 'Jessica', 7, 2001, 3001, 1005);
INSERT INTO PA165.SONG (ID, BITRATE, COMMENT, TITLE, TRACK_NUMBER, ALBUM_ID, ARTIST_ID, GENRE_ID) VALUES (4008, 320, NULL, 'Bumaye', 8, 2001, 3001, 1005);
INSERT INTO PA165.SONG (ID, BITRATE, COMMENT, TITLE, TRACK_NUMBER, ALBUM_ID, ARTIST_ID, GENRE_ID) VALUES (4009, 320, NULL, 'Keep Cool', 9, 2001, 3001, 1005);
INSERT INTO PA165.SONG (ID, BITRATE, COMMENT, TITLE, TRACK_NUMBER, ALBUM_ID, ARTIST_ID, GENRE_ID) VALUES (4010, 320, NULL, 'Sweat', 10, 2001, 3001, 1005);
INSERT INTO PA165.SONG (ID, BITRATE, COMMENT, TITLE, TRACK_NUMBER, ALBUM_ID, ARTIST_ID, GENRE_ID) VALUES (4011, 320, NULL, 'Reach for the Stars', 11, 2001, 3001, 1005);
INSERT INTO PA165.SONG (ID, BITRATE, COMMENT, TITLE, TRACK_NUMBER, ALBUM_ID, ARTIST_ID, GENRE_ID) VALUES (4012, 320, NULL, 'Bubble Butt', 12, 2001, 3001, 1005);
INSERT INTO PA165.SONG (ID, BITRATE, COMMENT, TITLE, TRACK_NUMBER, ALBUM_ID, ARTIST_ID, GENRE_ID) VALUES (4013, 320, NULL, 'Mashup the Dance', 13, 2001, 3001, 1005);
INSERT INTO PA165.SONG (ID, BITRATE, COMMENT, TITLE, TRACK_NUMBER, ALBUM_ID, ARTIST_ID, GENRE_ID) VALUES (4014, 320, NULL, 'Playground', 14, 2001, 3001, 1005);

INSERT INTO PA165.SONG (ID, BITRATE, COMMENT, TITLE, TRACK_NUMBER, ALBUM_ID, ARTIST_ID, GENRE_ID) VALUES (4101, 320, NULL, 'Give Life Back to Music', 1, 2002, 3002, 1005);
INSERT INTO PA165.SONG (ID, BITRATE, COMMENT, TITLE, TRACK_NUMBER, ALBUM_ID, ARTIST_ID, GENRE_ID) VALUES (4102, 320, NULL, 'The Game of Love', 2, 2002, 3002, 1005);
INSERT INTO PA165.SONG (ID, BITRATE, COMMENT, TITLE, TRACK_NUMBER, ALBUM_ID, ARTIST_ID, GENRE_ID) VALUES (4103, 320, NULL, 'Giorgio by Moroder', 3, 2002, 3002, 1005);
INSERT INTO PA165.SONG (ID, BITRATE, COMMENT, TITLE, TRACK_NUMBER, ALBUM_ID, ARTIST_ID, GENRE_ID) VALUES (4104, 320, NULL, 'Within', 4, 2002, 3002, 1005);
INSERT INTO PA165.SONG (ID, BITRATE, COMMENT, TITLE, TRACK_NUMBER, ALBUM_ID, ARTIST_ID, GENRE_ID) VALUES (4105, 320, NULL, 'Instant Crush', 5, 2002, 3002, 1005);
INSERT INTO PA165.SONG (ID, BITRATE, COMMENT, TITLE, TRACK_NUMBER, ALBUM_ID, ARTIST_ID, GENRE_ID) VALUES (4106, 320, NULL, 'Lose Yourself to Dance', 6, 2002, 3002, 1005);
INSERT INTO PA165.SONG (ID, BITRATE, COMMENT, TITLE, TRACK_NUMBER, ALBUM_ID, ARTIST_ID, GENRE_ID) VALUES (4107, 320, NULL, 'Touch', 7, 2002, 3002, 1005);
INSERT INTO PA165.SONG (ID, BITRATE, COMMENT, TITLE, TRACK_NUMBER, ALBUM_ID, ARTIST_ID, GENRE_ID) VALUES (4108, 320, NULL, 'Get Lucky', 8, 2002, 3002, 1005);
INSERT INTO PA165.SONG (ID, BITRATE, COMMENT, TITLE, TRACK_NUMBER, ALBUM_ID, ARTIST_ID, GENRE_ID) VALUES (4109, 320, NULL, 'Beyond', 9, 2002, 3002, 1005);
INSERT INTO PA165.SONG (ID, BITRATE, COMMENT, TITLE, TRACK_NUMBER, ALBUM_ID, ARTIST_ID, GENRE_ID) VALUES (4110, 320, NULL, 'Motherboard', 10, 2002, 3002, 1005);
INSERT INTO PA165.SONG (ID, BITRATE, COMMENT, TITLE, TRACK_NUMBER, ALBUM_ID, ARTIST_ID, GENRE_ID) VALUES (4111, 320, NULL, 'Fragments of Time', 11, 2002, 3002, 1005);
INSERT INTO PA165.SONG (ID, BITRATE, COMMENT, TITLE, TRACK_NUMBER, ALBUM_ID, ARTIST_ID, GENRE_ID) VALUES (4112, 320, NULL, 'Doin It Right', 12, 2002, 3002, 1005);
INSERT INTO PA165.SONG (ID, BITRATE, COMMENT, TITLE, TRACK_NUMBER, ALBUM_ID, ARTIST_ID, GENRE_ID) VALUES (4113, 320, NULL, 'Contact', 13, 2002, 3002, 1005);

INSERT INTO PA165.SONG (ID, BITRATE, COMMENT, TITLE, TRACK_NUMBER, ALBUM_ID, ARTIST_ID, GENRE_ID) VALUES (4201, 320, NULL, 'Born to Die', 1, 2003, 3003, 1001);
INSERT INTO PA165.SONG (ID, BITRATE, COMMENT, TITLE, TRACK_NUMBER, ALBUM_ID, ARTIST_ID, GENRE_ID) VALUES (4202, 320, NULL, 'Off to the Races', 2, 2003, 3003, 1001);
INSERT INTO PA165.SONG (ID, BITRATE, COMMENT, TITLE, TRACK_NUMBER, ALBUM_ID, ARTIST_ID, GENRE_ID) VALUES (4203, 320, NULL, 'Blue Jeans', 3, 2003, 3003, 1001);
INSERT INTO PA165.SONG (ID, BITRATE, COMMENT, TITLE, TRACK_NUMBER, ALBUM_ID, ARTIST_ID, GENRE_ID) VALUES (4204, 320, NULL, 'Video Games', 4, 2003, 3003, 1001);
INSERT INTO PA165.SONG (ID, BITRATE, COMMENT, TITLE, TRACK_NUMBER, ALBUM_ID, ARTIST_ID, GENRE_ID) VALUES (4205, 320, NULL, 'Diet Mountain Dew', 5, 2003, 3003, 1001);
INSERT INTO PA165.SONG (ID, BITRATE, COMMENT, TITLE, TRACK_NUMBER, ALBUM_ID, ARTIST_ID, GENRE_ID) VALUES (4206, 320, NULL, 'National Anthem', 6, 2003, 3003, 1001);
INSERT INTO PA165.SONG (ID, BITRATE, COMMENT, TITLE, TRACK_NUMBER, ALBUM_ID, ARTIST_ID, GENRE_ID) VALUES (4207, 320, NULL, 'Dark Paradise', 7, 2003, 3003, 1001);
INSERT INTO PA165.SONG (ID, BITRATE, COMMENT, TITLE, TRACK_NUMBER, ALBUM_ID, ARTIST_ID, GENRE_ID) VALUES (4208, 320, NULL, 'Radio', 8, 2003, 3003, 1001);
INSERT INTO PA165.SONG (ID, BITRATE, COMMENT, TITLE, TRACK_NUMBER, ALBUM_ID, ARTIST_ID, GENRE_ID) VALUES (4209, 320, NULL, 'Carmen', 9, 2003, 3003, 1001);
INSERT INTO PA165.SONG (ID, BITRATE, COMMENT, TITLE, TRACK_NUMBER, ALBUM_ID, ARTIST_ID, GENRE_ID) VALUES (4210, 320, NULL, 'Million Dollar Man', 10, 2003, 3003, 1001);
INSERT INTO PA165.SONG (ID, BITRATE, COMMENT, TITLE, TRACK_NUMBER, ALBUM_ID, ARTIST_ID, GENRE_ID) VALUES (4211, 320, NULL, 'Summertime Sadness', 11, 2003, 3003, 1001);
INSERT INTO PA165.SONG (ID, BITRATE, COMMENT, TITLE, TRACK_NUMBER, ALBUM_ID, ARTIST_ID, GENRE_ID) VALUES (4212, 320, NULL, 'This Is What Makes Us Girls', 12, 2003, 3003, 1001);

INSERT INTO PA165.SONG (ID, BITRATE, COMMENT, TITLE, TRACK_NUMBER, ALBUM_ID, ARTIST_ID, GENRE_ID) VALUES (4301, 320, NULL, 'Tennis Court', 1, 2004, 3004, 1001);
INSERT INTO PA165.SONG (ID, BITRATE, COMMENT, TITLE, TRACK_NUMBER, ALBUM_ID, ARTIST_ID, GENRE_ID) VALUES (4302, 320, NULL, '400 Lux', 2, 2004, 3004, 1001);
INSERT INTO PA165.SONG (ID, BITRATE, COMMENT, TITLE, TRACK_NUMBER, ALBUM_ID, ARTIST_ID, GENRE_ID) VALUES (4303, 320, NULL, 'Royals', 3, 2004, 3004, 1001);
INSERT INTO PA165.SONG (ID, BITRATE, COMMENT, TITLE, TRACK_NUMBER, ALBUM_ID, ARTIST_ID, GENRE_ID) VALUES (4304, 320, NULL, 'Ribs', 4, 2004, 3004, 1001);
INSERT INTO PA165.SONG (ID, BITRATE, COMMENT, TITLE, TRACK_NUMBER, ALBUM_ID, ARTIST_ID, GENRE_ID) VALUES (4305, 320, NULL, 'Buzzcut Season', 5, 2004, 3004, 1001);
INSERT INTO PA165.SONG (ID, BITRATE, COMMENT, TITLE, TRACK_NUMBER, ALBUM_ID, ARTIST_ID, GENRE_ID) VALUES (4306, 320, NULL, 'Team', 6, 2004, 3004, 1001);
INSERT INTO PA165.SONG (ID, BITRATE, COMMENT, TITLE, TRACK_NUMBER, ALBUM_ID, ARTIST_ID, GENRE_ID) VALUES (4307, 320, NULL, 'Glory and Gore', 7, 2004, 3004, 1001);
INSERT INTO PA165.SONG (ID, BITRATE, COMMENT, TITLE, TRACK_NUMBER, ALBUM_ID, ARTIST_ID, GENRE_ID) VALUES (4308, 320, NULL, 'Still Sane', 8, 2004, 3004, 1001);
INSERT INTO PA165.SONG (ID, BITRATE, COMMENT, TITLE, TRACK_NUMBER, ALBUM_ID, ARTIST_ID, GENRE_ID) VALUES (4309, 320, NULL, 'White Teeth Teens', 9, 2004, 3004, 1001);
INSERT INTO PA165.SONG (ID, BITRATE, COMMENT, TITLE, TRACK_NUMBER, ALBUM_ID, ARTIST_ID, GENRE_ID) VALUES (4310, 320, NULL, 'A World Alone', 10, 2004, 3004, 1001);

INSERT INTO PA165.SONG (ID, BITRATE, COMMENT, TITLE, TRACK_NUMBER, ALBUM_ID, ARTIST_ID, GENRE_ID) VALUES (4401, 320, NULL, 'Public Service Announcement 2000', 1, 2005, 3005, 1004);
INSERT INTO PA165.SONG (ID, BITRATE, COMMENT, TITLE, TRACK_NUMBER, ALBUM_ID, ARTIST_ID, GENRE_ID) VALUES (4402, 320, NULL, 'Kill You', 2, 2005, 3005, 1004);
INSERT INTO PA165.SONG (ID, BITRATE, COMMENT, TITLE, TRACK_NUMBER, ALBUM_ID, ARTIST_ID, GENRE_ID) VALUES (4403, 320, NULL, 'Stan', 3, 2005, 3005, 1004);
INSERT INTO PA165.SONG (ID, BITRATE, COMMENT, TITLE, TRACK_NUMBER, ALBUM_ID, ARTIST_ID, GENRE_ID) VALUES (4404, 320, NULL, 'Paul', 4, 2005, 3005, 1004);
INSERT INTO PA165.SONG (ID, BITRATE, COMMENT, TITLE, TRACK_NUMBER, ALBUM_ID, ARTIST_ID, GENRE_ID) VALUES (4405, 320, NULL, 'Who Knew', 5, 2005, 3005, 1004);
INSERT INTO PA165.SONG (ID, BITRATE, COMMENT, TITLE, TRACK_NUMBER, ALBUM_ID, ARTIST_ID, GENRE_ID) VALUES (4406, 320, NULL, 'Steve Berman', 6, 2005, 3005, 1004);
INSERT INTO PA165.SONG (ID, BITRATE, COMMENT, TITLE, TRACK_NUMBER, ALBUM_ID, ARTIST_ID, GENRE_ID) VALUES (4407, 320, NULL, 'The Way I Am', 7, 2005, 3005, 1004);
INSERT INTO PA165.SONG (ID, BITRATE, COMMENT, TITLE, TRACK_NUMBER, ALBUM_ID, ARTIST_ID, GENRE_ID) VALUES (4408, 320, NULL, 'The Real Slim Shady', 8, 2005, 3005, 1004);
INSERT INTO PA165.SONG (ID, BITRATE, COMMENT, TITLE, TRACK_NUMBER, ALBUM_ID, ARTIST_ID, GENRE_ID) VALUES (4409, 320, NULL, 'Remember Me?', 9, 2005, 3005, 1004);
INSERT INTO PA165.SONG (ID, BITRATE, COMMENT, TITLE, TRACK_NUMBER, ALBUM_ID, ARTIST_ID, GENRE_ID) VALUES (4410, 320, NULL, '"Im Back', 10, 2005, 3005, 1004);
INSERT INTO PA165.SONG (ID, BITRATE, COMMENT, TITLE, TRACK_NUMBER, ALBUM_ID, ARTIST_ID, GENRE_ID) VALUES (4411, 320, NULL, 'Marshall Mathers', 11, 2005, 3005, 1004);
INSERT INTO PA165.SONG (ID, BITRATE, COMMENT, TITLE, TRACK_NUMBER, ALBUM_ID, ARTIST_ID, GENRE_ID) VALUES (4412, 320, NULL, 'Ken Kaniff', 12, 2005, 3005, 1004);
INSERT INTO PA165.SONG (ID, BITRATE, COMMENT, TITLE, TRACK_NUMBER, ALBUM_ID, ARTIST_ID, GENRE_ID) VALUES (4413, 320, NULL, 'Drug Ballad', 13, 2005, 3005, 1004);
INSERT INTO PA165.SONG (ID, BITRATE, COMMENT, TITLE, TRACK_NUMBER, ALBUM_ID, ARTIST_ID, GENRE_ID) VALUES (4414, 320, NULL, 'Amityville', 14, 2005, 3005, 1004);
INSERT INTO PA165.SONG (ID, BITRATE, COMMENT, TITLE, TRACK_NUMBER, ALBUM_ID, ARTIST_ID, GENRE_ID) VALUES (4415, 320, NULL, 'Bitch Please II', 15, 2005, 3005, 1004);
INSERT INTO PA165.SONG (ID, BITRATE, COMMENT, TITLE, TRACK_NUMBER, ALBUM_ID, ARTIST_ID, GENRE_ID) VALUES (4416, 320, NULL, 'Kim', 16, 2005, 3005, 1004);
INSERT INTO PA165.SONG (ID, BITRATE, COMMENT, TITLE, TRACK_NUMBER, ALBUM_ID, ARTIST_ID, GENRE_ID) VALUES (4417, 320, NULL, 'Under the Influence', 17, 2005, 3005, 1004);
INSERT INTO PA165.SONG (ID, BITRATE, COMMENT, TITLE, TRACK_NUMBER, ALBUM_ID, ARTIST_ID, GENRE_ID) VALUES (4418, 320, NULL, 'Criminal', 18, 2005, 3005, 1004);
INSERT INTO PA165.SONG (ID, BITRATE, COMMENT, TITLE, TRACK_NUMBER, ALBUM_ID, ARTIST_ID, GENRE_ID) VALUES (4419, 320, NULL, 'The Kids', 19, 2005, 3005, 1004);

INSERT INTO PA165.SONG (ID, BITRATE, COMMENT, TITLE, TRACK_NUMBER, ALBUM_ID, ARTIST_ID, GENRE_ID) VALUES (4501, 320, NULL, 'Intro', 1, 2006, 3006, 1007);
INSERT INTO PA165.SONG (ID, BITRATE, COMMENT, TITLE, TRACK_NUMBER, ALBUM_ID, ARTIST_ID, GENRE_ID) VALUES (4502, 320, NULL, 'Dying Season', 2, 2006, 3006, 1007);
INSERT INTO PA165.SONG (ID, BITRATE, COMMENT, TITLE, TRACK_NUMBER, ALBUM_ID, ARTIST_ID, GENRE_ID) VALUES (4503, 320, NULL, 'Control by Chaos', 3, 2006, 3006, 1007);
INSERT INTO PA165.SONG (ID, BITRATE, COMMENT, TITLE, TRACK_NUMBER, ALBUM_ID, ARTIST_ID, GENRE_ID) VALUES (4504, 320, NULL, 'No Stone Unturned', 4, 2006, 3006, 1007);
INSERT INTO PA165.SONG (ID, BITRATE, COMMENT, TITLE, TRACK_NUMBER, ALBUM_ID, ARTIST_ID, GENRE_ID) VALUES (4505, 320, NULL, 'Arrows of Agony', 5, 2006, 3006, 1007);
INSERT INTO PA165.SONG (ID, BITRATE, COMMENT, TITLE, TRACK_NUMBER, ALBUM_ID, ARTIST_ID, GENRE_ID) VALUES (4506, 320, NULL, 'Fade Away', 6, 2006, 3006, 1007);
INSERT INTO PA165.SONG (ID, BITRATE, COMMENT, TITLE, TRACK_NUMBER, ALBUM_ID, ARTIST_ID, GENRE_ID) VALUES (4507, 320, NULL, 'A Heros Welcome', 7, 2006, 3006, 1007);
INSERT INTO PA165.SONG (ID, BITRATE, COMMENT, TITLE, TRACK_NUMBER, ALBUM_ID, ARTIST_ID, GENRE_ID) VALUES (4508, 320, NULL, 'Undone', 8, 2006, 3006, 1007);
INSERT INTO PA165.SONG (ID, BITRATE, COMMENT, TITLE, TRACK_NUMBER, ALBUM_ID, ARTIST_ID, GENRE_ID) VALUES (4509, 320, NULL, 'Bloodkult', 9, 2006, 3006, 1007);
INSERT INTO PA165.SONG (ID, BITRATE, COMMENT, TITLE, TRACK_NUMBER, ALBUM_ID, ARTIST_ID, GENRE_ID) VALUES (4510, 320, NULL, 'Red Tears of Disgrace', 10, 2006, 3006, 1007);
INSERT INTO PA165.SONG (ID, BITRATE, COMMENT, TITLE, TRACK_NUMBER, ALBUM_ID, ARTIST_ID, GENRE_ID) VALUES (4511, 320, NULL, 'Silent Nothingness', 11, 2006, 3006, 1007);

INSERT INTO PA165.SONG (ID, BITRATE, COMMENT, TITLE, TRACK_NUMBER, ALBUM_ID, ARTIST_ID, GENRE_ID) VALUES (4601, 320, NULL, 'Millas Dream', 1, 2007, 3007, 1006);
INSERT INTO PA165.SONG (ID, BITRATE, COMMENT, TITLE, TRACK_NUMBER, ALBUM_ID, ARTIST_ID, GENRE_ID) VALUES (4602, 320, NULL, 'All Night', 2, 2007, 3007, 1006);
INSERT INTO PA165.SONG (ID, BITRATE, COMMENT, TITLE, TRACK_NUMBER, ALBUM_ID, ARTIST_ID, GENRE_ID) VALUES (4603, 320, NULL, 'Nobodys Fool', 3, 2007, 3007, 1006);
INSERT INTO PA165.SONG (ID, BITRATE, COMMENT, TITLE, TRACK_NUMBER, ALBUM_ID, ARTIST_ID, GENRE_ID) VALUES (4604, 320, NULL, 'The Princess', 4, 2007, 3007, 1006);
INSERT INTO PA165.SONG (ID, BITRATE, COMMENT, TITLE, TRACK_NUMBER, ALBUM_ID, ARTIST_ID, GENRE_ID) VALUES (4605, 320, NULL, 'Silent Shuffle', 5, 2007, 3007, 1006);
INSERT INTO PA165.SONG (ID, BITRATE, COMMENT, TITLE, TRACK_NUMBER, ALBUM_ID, ARTIST_ID, GENRE_ID) VALUES (4606, 320, NULL, 'This Game', 6, 2007, 3007, 1006);
INSERT INTO PA165.SONG (ID, BITRATE, COMMENT, TITLE, TRACK_NUMBER, ALBUM_ID, ARTIST_ID, GENRE_ID) VALUES (4607, 320, NULL, 'You Got Me There', 7, 2007, 3007, 1006);
INSERT INTO PA165.SONG (ID, BITRATE, COMMENT, TITLE, TRACK_NUMBER, ALBUM_ID, ARTIST_ID, GENRE_ID) VALUES (4608, 320, NULL, 'Dust In The Summer Rain', 8, 2007, 3007, 1006);
INSERT INTO PA165.SONG (ID, BITRATE, COMMENT, TITLE, TRACK_NUMBER, ALBUM_ID, ARTIST_ID, GENRE_ID) VALUES (4609, 320, NULL, 'Requiem For Annie', 9, 2007, 3007, 1006);
INSERT INTO PA165.SONG (ID, BITRATE, COMMENT, TITLE, TRACK_NUMBER, ALBUM_ID, ARTIST_ID, GENRE_ID) VALUES (4610, 320, NULL, 'With You', 10, 2007, 3007, 1006);
INSERT INTO PA165.SONG (ID, BITRATE, COMMENT, TITLE, TRACK_NUMBER, ALBUM_ID, ARTIST_ID, GENRE_ID) VALUES (4611, 320, NULL, 'The Beach', 11, 2007, 3007, 1006);
INSERT INTO PA165.SONG (ID, BITRATE, COMMENT, TITLE, TRACK_NUMBER, ALBUM_ID, ARTIST_ID, GENRE_ID) VALUES (4612, 320, NULL, 'Song For The Crickets', 12, 2007, 3007, 1006);
INSERT INTO PA165.SONG (ID, BITRATE, COMMENT, TITLE, TRACK_NUMBER, ALBUM_ID, ARTIST_ID, GENRE_ID) VALUES (4613, 320, NULL, 'Beautiful Morning', 13, 2007, 3007, 1006);
INSERT INTO PA165.SONG (ID, BITRATE, COMMENT, TITLE, TRACK_NUMBER, ALBUM_ID, ARTIST_ID, GENRE_ID) VALUES (4614, 320, NULL, 'The Fog', 14, 2007, 3007, 1006);
INSERT INTO PA165.SONG (ID, BITRATE, COMMENT, TITLE, TRACK_NUMBER, ALBUM_ID, ARTIST_ID, GENRE_ID) VALUES (4615, 320, NULL, 'True Romance Part 2', 15, 2007, 3007, 1006);

INSERT INTO PA165.SONG (ID, BITRATE, COMMENT, TITLE, TRACK_NUMBER, ALBUM_ID, ARTIST_ID, GENRE_ID) VALUES (4701, 320, NULL, 'Jimmys Gang', 1, 2008, 3007, 1006);
INSERT INTO PA165.SONG (ID, BITRATE, COMMENT, TITLE, TRACK_NUMBER, ALBUM_ID, ARTIST_ID, GENRE_ID) VALUES (4702, 320, NULL, 'Sallys Dance', 2, 2008, 3007, 1006);
INSERT INTO PA165.SONG (ID, BITRATE, COMMENT, TITLE, TRACK_NUMBER, ALBUM_ID, ARTIST_ID, GENRE_ID) VALUES (4703, 320, NULL, 'Booty Swing', 3, 2008, 3007, 1006);
INSERT INTO PA165.SONG (ID, BITRATE, COMMENT, TITLE, TRACK_NUMBER, ALBUM_ID, ARTIST_ID, GENRE_ID) VALUES (4704, 320, NULL, 'Baska Brother', 4, 2008, 3007, 1006);
INSERT INTO PA165.SONG (ID, BITRATE, COMMENT, TITLE, TRACK_NUMBER, ALBUM_ID, ARTIST_ID, GENRE_ID) VALUES (4705, 320, NULL, 'The Phantom', 5, 2008, 3007, 1006);
INSERT INTO PA165.SONG (ID, BITRATE, COMMENT, TITLE, TRACK_NUMBER, ALBUM_ID, ARTIST_ID, GENRE_ID) VALUES (4706, 320, NULL, 'The Snake', 6, 2008, 3007, 1006);
INSERT INTO PA165.SONG (ID, BITRATE, COMMENT, TITLE, TRACK_NUMBER, ALBUM_ID, ARTIST_ID, GENRE_ID) VALUES (4707, 320, NULL, 'Wanna Fete', 7, 2008, 3007, 1006);
INSERT INTO PA165.SONG (ID, BITRATE, COMMENT, TITLE, TRACK_NUMBER, ALBUM_ID, ARTIST_ID, GENRE_ID) VALUES (4708, 320, NULL, 'Oh Yeah', 8, 2008, 3007, 1006);
INSERT INTO PA165.SONG (ID, BITRATE, COMMENT, TITLE, TRACK_NUMBER, ALBUM_ID, ARTIST_ID, GENRE_ID) VALUES (4709, 320, NULL, 'The Vamp', 9, 2008, 3007, 1006);
INSERT INTO PA165.SONG (ID, BITRATE, COMMENT, TITLE, TRACK_NUMBER, ALBUM_ID, ARTIST_ID, GENRE_ID) VALUES (4710, 320, NULL, 'The Paris Swing Box', 10, 2008, 3007, 1006);
INSERT INTO PA165.SONG (ID, BITRATE, COMMENT, TITLE, TRACK_NUMBER, ALBUM_ID, ARTIST_ID, GENRE_ID) VALUES (4711, 320, NULL, 'All Night', 11, 2008, 3007, 1006);
INSERT INTO PA165.SONG (ID, BITRATE, COMMENT, TITLE, TRACK_NUMBER, ALBUM_ID, ARTIST_ID, GENRE_ID) VALUES (4712, 320, NULL, 'A Song for You', 12, 2008, 3007, 1006);
INSERT INTO PA165.SONG (ID, BITRATE, COMMENT, TITLE, TRACK_NUMBER, ALBUM_ID, ARTIST_ID, GENRE_ID) VALUES (4713, 320, NULL, 'Jimmys Gang', 13, 2008, 3007, 1006);
INSERT INTO PA165.SONG (ID, BITRATE, COMMENT, TITLE, TRACK_NUMBER, ALBUM_ID, ARTIST_ID, GENRE_ID) VALUES (4714, 320, NULL, 'Nobodys Fool', 14, 2008, 3007, 1006);
