<?xml version="1.0" encoding="UTF-8"?>
<beans
    xmlns="http://www.springframework.org/schema/beans"
    xmlns:xsi="http://www.w3.org/2001/XMLSchema-instance"
    xmlns:context="http://www.springframework.org/schema/context"
    xmlns:jdbc="http://www.springframework.org/schema/jdbc"
    xmlns:tx="http://www.springframework.org/schema/tx"
    xmlns:security="http://www.springframework.org/schema/security"
    xsi:schemaLocation="http://www.springframework.org/schema/beans http://www.springframework.org/schema/beans/spring-beans-3.0.xsd
    http://www.springframework.org/schema/jdbc http://www.springframework.org/schema/jdbc/spring-jdbc-3.0.xsd
    http://www.springframework.org/schema/tx http://www.springframework.org/schema/tx/spring-tx.xsd
    http://www.springframework.org/schema/context http://www.springframework.org/schema/context/spring-context.xsd
    http://www.springframework.org/schema/security http://www.springframework.org/schema/security/spring-security-3.1.xsd ">
    
    <context:component-scan base-package="cz.muni.fi.pa165.library"/>

    <tx:annotation-driven/>    
    

    <bean id="entityManagerFactory" class="org.springframework.orm.jpa.LocalContainerEntityManagerFactoryBean">
        <property name="persistenceUnitName" value="LibraryPU"/>
    </bean>
    
    <bean id="transactionManager" class="org.springframework.orm.jpa.JpaTransactionManager">
        <property name="entityManagerFactory" ref="entityManagerFactory"/>
    </bean>

    <bean class="org.springframework.dao.annotation.PersistenceExceptionTranslationPostProcessor" />


    <security:global-method-security secured-annotations="enabled" />
    <security:authentication-manager>
        <security:authentication-provider>
            <security:user-service>
                <security:user name="admin" password="admin" authorities="ROLE_ADMIN" />
                <security:user name="rest" password="rest" authorities="ROLE_ADMIN" />
            </security:user-service>
        </security:authentication-provider>
        <security:authentication-provider user-service-ref="userDetailsService">
        </security:authentication-provider>
    </security:authentication-manager>    
    
    <security:http use-expressions="true">
        <security:intercept-url pattern="/rest/**" access="permitAll" />
        <security:form-login login-page="/login.jsp" default-target-url="/" authentication-failure-url="/login.jsp?badpw=1" />
        <security:logout logout-success-url="/index.jsp" />
    </security:http>

    
    
</beans>
