-- genres
INSERT INTO PA165.GENRE (ID, "NAME") VALUES (-21474836480, 'Rock');
INSERT INTO PA165.GENRE (ID, "NAME") VALUES (-21474836479, 'Indie');
INSERT INTO PA165.GENRE (ID, "NAME") VALUES (-21474836478, 'Pop');
INSERT INTO PA165.GENRE (ID, "NAME") VALUES (-21474836477, 'Rap');
INSERT INTO PA165.GENRE (ID, "NAME") VALUES (-21474836476, 'RnB');
INSERT INTO PA165.GENRE (ID, "NAME") VALUES (-21474836475, 'Hip Hop');
INSERT INTO PA165.GENRE (ID, "NAME") VALUES (-21474836474, 'Electro');
INSERT INTO PA165.GENRE (ID, "NAME") VALUES (-21474836473, 'Metal');
INSERT INTO PA165.GENRE (ID, "NAME") VALUES (-21474836472, 'Swing');
INSERT INTO PA165.GENRE (ID, "NAME") VALUES (-21474836471, 'Folk');
INSERT INTO PA165.GENRE (ID, "NAME") VALUES (-21474836470, 'Country');
INSERT INTO PA165.GENRE (ID, "NAME") VALUES (-21474836469, 'Blues');
INSERT INTO PA165.GENRE (ID, "NAME") VALUES (-21474836468, 'Ska');
INSERT INTO PA165.GENRE (ID, "NAME") VALUES (-21474836467, 'Reggae');

-- albums
INSERT INTO PA165.ALBUM (ID, COMMENT, COVER, RELEASEDATE, TITLE) VALUES (-21474836460, NULL, 'b7301f93.jpg', '2013-02-18 23:00:00.0', 'Free The Universe');
INSERT INTO PA165.ALBUM (ID, COMMENT, COVER, RELEASEDATE, TITLE) VALUES (-21474836459, NULL, 'homepage_large.449b0860.jpg', '2012-06-14 22:00:00.0', 'Express Yourself');

-- artists
INSERT INTO PA165.ARTIST (ID, "NAME") VALUES (-21474836470, 'Major Lazer');
INSERT INTO PA165.ARTIST (ID, "NAME") VALUES (-21474836469, 'Diplo');

-- songs
INSERT INTO PA165.SONG (ID, BITRATE, COMMENT, TITLE, TRACK_NUMBER, ALBUM_ID, ARTIST_ID, GENRE_ID) VALUES (-21474836450, 320, NULL, 'Set It Off', 1, -21474836459, -21474836469, -21474836476);
INSERT INTO PA165.SONG (ID, BITRATE, COMMENT, TITLE, TRACK_NUMBER, ALBUM_ID, ARTIST_ID, GENRE_ID) VALUES (-21474836449, 320, NULL, 'You are No Good', 1, -21474836460, -21474836470, -21474836476);
INSERT INTO PA165.SONG (ID, BITRATE, COMMENT, TITLE, TRACK_NUMBER, ALBUM_ID, ARTIST_ID, GENRE_ID) VALUES (-21474836448, 320, NULL, 'Jet Blue Jet', 2, -21474836460, -21474836470, -21474836476);
INSERT INTO PA165.SONG (ID, BITRATE, COMMENT, TITLE, TRACK_NUMBER, ALBUM_ID, ARTIST_ID, GENRE_ID) VALUES (-21474836447, 320, NULL, 'Get Free', 3, -21474836460, -21474836470, -21474836476);
INSERT INTO PA165.SONG (ID, BITRATE, COMMENT, TITLE, TRACK_NUMBER, ALBUM_ID, ARTIST_ID, GENRE_ID) VALUES (-21474836446, 320, NULL, 'Jah No Partial', 4, -21474836460, -21474836470, -21474836476);
INSERT INTO PA165.SONG (ID, BITRATE, COMMENT, TITLE, TRACK_NUMBER, ALBUM_ID, ARTIST_ID, GENRE_ID) VALUES (-21474836445, 320, NULL, 'Wind Up', 5, -21474836460, -21474836470, -21474836476);
INSERT INTO PA165.SONG (ID, BITRATE, COMMENT, TITLE, TRACK_NUMBER, ALBUM_ID, ARTIST_ID, GENRE_ID) VALUES (-21474836444, 320, NULL, 'Scare Me', 6, -21474836460, -21474836470, -21474836476);
INSERT INTO PA165.SONG (ID, BITRATE, COMMENT, TITLE, TRACK_NUMBER, ALBUM_ID, ARTIST_ID, GENRE_ID) VALUES (-21474836443, 320, NULL, 'Jessica', 7, -21474836460, -21474836470, -21474836476);
INSERT INTO PA165.SONG (ID, BITRATE, COMMENT, TITLE, TRACK_NUMBER, ALBUM_ID, ARTIST_ID, GENRE_ID) VALUES (-21474836442, 320, NULL, 'Bumaye', 8, -21474836460, -21474836470, -21474836476);
INSERT INTO PA165.SONG (ID, BITRATE, COMMENT, TITLE, TRACK_NUMBER, ALBUM_ID, ARTIST_ID, GENRE_ID) VALUES (-21474836441, 320, NULL, 'Keep Cool', 9, -21474836460, -21474836470, -21474836476);
INSERT INTO PA165.SONG (ID, BITRATE, COMMENT, TITLE, TRACK_NUMBER, ALBUM_ID, ARTIST_ID, GENRE_ID) VALUES (-21474836440, 320, NULL, 'Sweat', 10, -21474836460, -21474836470, -21474836476);
INSERT INTO PA165.SONG (ID, BITRATE, COMMENT, TITLE, TRACK_NUMBER, ALBUM_ID, ARTIST_ID, GENRE_ID) VALUES (-21474836439, 320, NULL, 'Reach for the Stars', 11, -21474836460, -21474836470, -21474836475);
INSERT INTO PA165.SONG (ID, BITRATE, COMMENT, TITLE, TRACK_NUMBER, ALBUM_ID, ARTIST_ID, GENRE_ID) VALUES (-21474836438, 320, NULL, 'Bubble Butt', 12, -21474836460, -21474836470, -21474836476);
INSERT INTO PA165.SONG (ID, BITRATE, COMMENT, TITLE, TRACK_NUMBER, ALBUM_ID, ARTIST_ID, GENRE_ID) VALUES (-21474836437, 320, NULL, 'Mashup the Dance', 13, -21474836460, -21474836470, -21474836476);
INSERT INTO PA165.SONG (ID, BITRATE, COMMENT, TITLE, TRACK_NUMBER, ALBUM_ID, ARTIST_ID, GENRE_ID) VALUES (-21474836436, 320, NULL, 'Playground', 14, -21474836460, -21474836470, -21474836476);
